{
  "thrift": {
    "host": "localhost",
    "port": 6543
  },
  "syncingStrategy": "eager",
  "project": {
    "name": "Demo",
    "author": "modeldb_users",
    "description": "Project to hold all models from the demo"
  },
  "experiment": {
    "name": "Default Experiment",
    "description": "Default Experiment"
  },
  "experimentRun": {
    "description": "Default Run Description"
  },
  "shouldCountRows": false,
  "shouldStoreGSCVE": false,
  "shouldStoreSpecificModels": false,
  "git": {
    "versionCode": "no",
    "username": "default",
    "accessToken": null,
    "repo": null,
    "exptDir": null,
    "repoDir": null
  }
}


